{"strategy":{"ChannelStrategyV1":{"trades":[{"pair":"BTC/USDT","stake_amount":989.99952238,"max_stake_amount":989.99952238,"amount":0.0093907,"open_date":"2025-07-02 01:00:00+00:00","close_date":"2025-07-02 07:00:00+00:00","open_rate":105423.4,"close_rate":106976.9,"fee_open":0.004,"fee_close":0.004,"trade_duration":360,"profit_ratio":0.006650273299739172,"profit_abs":6.61010246,"exit_reason":"exit_signal","initial_stop_loss_abs":94881.06,"initial_stop_loss_ratio":-0.1,"stop_loss_abs":94881.06,"stop_loss_ratio":-0.1,"min_rate":105116.4,"max_rate":107310.0,"is_open":false,"enter_tag":"","leverage":1.0,"is_short":false,"open_timestamp":1751418000000,"close_timestamp":1751439600000,"orders":[{"amount":0.0093907,"safe_price":105423.4,"ft_order_side":"buy","order_filled_timestamp":1751418000000,"ft_is_entry":true,"ft_order_tag":"","cost":993.9595204695199},{"amount":0.0093907,"safe_price":106976.9,"ft_order_side":"sell","order_filled_timestamp":1751439600000,"ft_is_entry":false,"ft_order_tag":"exit_signal","cost":1008.60632672932}],"funding_fees":0.0},{"pair":"ETH/USDT","stake_amount":989.99997715,"max_stake_amount":989.99997715,"amount":0.41269086,"open_date":"2025-07-02 01:00:00+00:00","close_date":"2025-07-02 07:00:00+00:00","open_rate":2398.89,"close_rate":2452.62,"fee_open":0.004,"fee_close":0.004,"trade_duration":360,"profit_ratio":0.014251262522646517,"profit_abs":14.16518457,"exit_reason":"exit_signal","initial_stop_loss_abs":2159.01,"initial_stop_loss_ratio":-0.1,"stop_loss_abs":2159.01,"stop_loss_ratio":-0.1,"min_rate":2372.62,"max_rate":2456.6,"is_open":false,"enter_tag":"","leverage":1.0,"is_short":false,"open_timestamp":1751418000000,"close_timestamp":1751439600000,"orders":[{"amount":0.41269086,"safe_price":2398.89,"ft_order_side":"buy","order_filled_timestamp":1751418000000,"ft_is_entry":true,"ft_order_tag":"","cost":993.9599770539816},{"amount":0.41269086,"safe_price":2452.62,"ft_order_side":"sell","order_filled_timestamp":1751439600000,"ft_is_entry":false,"ft_order_tag":"exit_signal","cost":1016.2225524814128}],"funding_fees":0.0},{"pair":"SOL/USDT","stake_amount":992.05675287,"max_stake_amount":992.05675287,"amount":6.51126774,"open_date":"2025-07-03 15:00:00+00:00","close_date":"2025-07-06 12:00:00+00:00","open_rate":152.36,"close_rate":148.04,"fee_open":0.004,"fee_close":0.004,"trade_duration":4140,"profit_ratio":-0.03609609866853799,"profit_abs":-35.95261595,"exit_reason":"exit_signal","initial_stop_loss_abs":137.13,"initial_stop_loss_ratio":-0.1,"stop_loss_abs":137.13,"stop_loss_ratio":-0.1,"min_rate":145.25,"max_rate":154.0,"is_open":false,"enter_tag":"","leverage":1.0,"is_short":false,"open_timestamp":1751554800000,"close_timestamp":1751803200000,"orders":[{"amount":6.51126774,"safe_price":152.36,"ft_order_side":"buy","order_filled_timestamp":1751554800000,"ft_is_entry":true,"ft_order_tag":"","cost":996.0249798778657},{"amount":6.51126774,"safe_price":148.04,"ft_order_side":"sell","order_filled_timestamp":1751803200000,"ft_is_entry":false,"ft_order_tag":"exit_signal","cost":967.7837885345183}],"funding_fees":0.0},{"pair":"BTC/USDT","stake_amount":992.05655328,"max_stake_amount":992.05655328,"amount":0.0091836,"open_date":"2025-07-04 14:00:00+00:00","close_date":"2025-07-06 13:00:00+00:00","open_rate":108024.8,"close_rate":108203.9,"fee_open":0.004,"fee_close":0.004,"trade_duration":2820,"profit_ratio":-0.006323385652318005,"profit_abs":-6.2982488,"exit_reason":"exit_signal","initial_stop_loss_abs":97222.32,"initial_stop_loss_ratio":-0.1,"stop_loss_abs":97222.32,"stop_loss_ratio":-0.1,"min_rate":107268.84,"max_rate":109860.0,"is_open":false,"enter_tag":"","leverage":1.0,"is_short":false,"open_timestamp":1751637600000,"close_timestamp":1751806800000,"orders":[{"amount":0.0091836,"safe_price":108024.8,"ft_order_side":"buy","order_filled_timestamp":1751637600000,"ft_is_entry":true,"ft_order_tag":"","cost":996.02477949312},{"amount":0.0091836,"safe_price":108203.9,"ft_order_side":"sell","order_filled_timestamp":1751806800000,"ft_is_entry":false,"ft_order_tag":"exit_signal","cost":997.67614138416}],"funding_fees":0.0},{"pair":"ETH/USDT","stake_amount":992.05674761,"max_stake_amount":992.05674761,"amount":0.39120191,"open_date":"2025-07-04 08:00:00+00:00","close_date":"2025-07-06 14:00:00+00:00","open_rate":2535.92,"close_rate":2558.69,"fee_open":0.004,"fee_close":0.004,"trade_duration":3240,"profit_ratio":0.0009393166475348212,"profit_abs":0.93558284,"exit_reason":"exit_signal","initial_stop_loss_abs":2282.33,"initial_stop_loss_ratio":-0.1,"stop_loss_abs":2282.33,"stop_loss_ratio":-0.1,"min_rate":2475.0,"max_rate":2608.8,"is_open":false,"enter_tag":"","leverage":1.0,"is_short":false,"open_timestamp":1751616000000,"close_timestamp":1751810400000,"orders":[{"amount":0.39120191,"safe_price":2535.92,"ft_order_side":"buy","order_filled_timestamp":1751616000000,"ft_is_entry":true,"ft_order_tag":"","cost":996.0249745976288},{"amount":0.39120191,"safe_price":2558.69,"ft_order_side":"sell","order_filled_timestamp":1751810400000,"ft_is_entry":false,"ft_order_tag":"exit_signal","cost":1004.9682727582916}],"funding_fees":0.0},{"pair":"ETH/USDT","stake_amount":987.96652777,"max_stake_amount":987.96652777,"amount":0.39025072,"open_date":"2025-07-07 15:00:00+00:00","close_date":"2025-07-08 07:00:00+00:00","open_rate":2531.62,"close_rate":2559.14,"fee_open":0.004,"fee_close":0.004,"trade_duration":960,"profit_ratio":0.0028157646911677573,"profit_abs":2.79300879,"exit_reason":"exit_signal","initial_stop_loss_abs":2278.46,"initial_stop_loss_ratio":-0.1,"stop_loss_abs":2278.46,"stop_loss_ratio":-0.1,"min_rate":2512.76,"max_rate":2630.0,"is_open":false,"enter_tag":"","leverage":1.0,"is_short":false,"open_timestamp":1751900400000,"close_timestamp":1751958000000,"orders":[{"amount":0.39025072,"safe_price":2531.62,"ft_order_side":"buy","order_filled_timestamp":1751900400000,"ft_is_entry":true,"ft_order_tag":"","cost":991.9183938774655},{"amount":0.39025072,"safe_price":2559.14,"ft_order_side":"sell","order_filled_timestamp":1751958000000,"ft_is_entry":false,"ft_order_tag":"exit_signal","cost":1002.7010524911232}],"funding_fees":0.0},{"pair":"BTC/USDT","stake_amount":987.96569628,"max_stake_amount":987.96569628,"amount":0.00912737,"open_date":"2025-07-07 15:00:00+00:00","close_date":"2025-07-08 08:00:00+00:00","open_rate":108242.1,"close_rate":108506.19,"fee_open":0.004,"fee_close":0.004,"trade_duration":1020,"profit_ratio":-0.005547759659787855,"profit_abs":-5.50292022,"exit_reason":"exit_signal","initial_stop_loss_abs":97417.9,"initial_stop_loss_ratio":-0.1,"stop_loss_abs":97417.9,"stop_loss_ratio":-0.1,"min_rate":107438.33,"max_rate":109340.0,"is_open":false,"enter_tag":"","leverage":1.0,"is_short":false,"open_timestamp":1751900400000,"close_timestamp":1751961600000,"orders":[{"amount":0.00912737,"safe_price":108242.1,"ft_order_side":"buy","order_filled_timestamp":1751900400000,"ft_is_entry":true,"ft_order_tag":"","cost":991.917559062108},{"amount":0.00912737,"safe_price":108506.19,"ft_order_side":"sell","order_filled_timestamp":1751961600000,"ft_is_entry":false,"ft_order_tag":"exit_signal","cost":994.3376479939811}],"funding_fees":0.0},{"pair":"SOL/USDT","stake_amount":987.96653936,"max_stake_amount":987.96653936,"amount":6.53892739,"open_date":"2025-07-07 16:00:00+00:00","close_date":"2025-07-08 11:00:00+00:00","open_rate":151.09,"close_rate":151.12,"fee_open":0.004,"fee_close":0.004,"trade_duration":1140,"profit_ratio":-0.007771152462905581,"profit_abs":-7.70834916,"exit_reason":"exit_signal","initial_stop_loss_abs":135.99,"initial_stop_loss_ratio":-0.1,"stop_loss_abs":135.99,"stop_loss_ratio":-0.1,"min_rate":147.7,"max_rate":153.0,"is_open":false,"enter_tag":"","leverage":1.0,"is_short":false,"open_timestamp":1751904000000,"close_timestamp":1751972400000,"orders":[{"amount":6.53892739,"safe_price":151.09,"ft_order_side":"buy","order_filled_timestamp":1751904000000,"ft_is_entry":true,"ft_order_tag":"","cost":991.9184055125204},{"amount":6.53892739,"safe_price":151.12,"ft_order_side":"sell","order_filled_timestamp":1751972400000,"ft_is_entry":false,"ft_order_tag":"exit_signal","cost":992.1153580055071}],"funding_fees":0.0}],"locks":[],"best_pair":{"key":"ETH/USDT","trades":3,"profit_mean":0.006002114620449699,"profit_mean_pct":0.6,"profit_total_abs":17.893776199999998,"profit_total":0.0017893776199999997,"profit_total_pct":0.18,"duration_avg":"1 day, 1:20:00","wins":3,"draws":0,"losses":0,"winrate":1.0,"cagr":0.02198959038016013,"expectancy":5.964592066666666,"expectancy_ratio":100.0,"sortino":-100,"sharpe":1.9485654145541067,"calmar":-100,"sqn":1.4424,"profit_factor":0.0,"max_drawdown_account":0.0,"max_drawdown_abs":0.0},"worst_pair":{"key":"SOL/USDT","trades":2,"profit_mean":-0.021933625565721784,"profit_mean_pct":-2.19,"profit_total_abs":-43.66096511,"profit_total":-0.004366096511,"profit_total_pct":-0.44,"duration_avg":"1 day, 20:00:00","wins":0,"draws":0,"losses":2,"winrate":0.0,"cagr":-0.05184486433189117,"expectancy":-21.830482555,"expectancy_ratio":-1.0,"sortino":-1.9688752491568315,"sharpe":-1.9688752491568315,"calmar":-63.68324391514167,"sqn":-1.5458,"profit_factor":0.0,"max_drawdown_account":0.0043660965110000685,"max_drawdown_abs":43.66096511},"results_per_pair":[{"key":"ETH/USDT","trades":3,"profit_mean":0.006002114620449699,"profit_mean_pct":0.6,"profit_total_abs":17.893776199999998,"profit_total":0.0017893776199999997,"profit_total_pct":0.18,"duration_avg":"1 day, 1:20:00","wins":3,"draws":0,"losses":0,"winrate":1.0,"cagr":0.02198959038016013,"expectancy":5.964592066666666,"expectancy_ratio":100.0,"sortino":-100,"sharpe":1.9485654145541067,"calmar":-100,"sqn":1.4424,"profit_factor":0.0,"max_drawdown_account":0.0,"max_drawdown_abs":0.0},{"key":"XRP/USDT","trades":0,"profit_mean":0.0,"profit_mean_pct":0.0,"profit_total_abs":0.0,"profit_total":0.0,"profit_total_pct":0.0,"duration_avg":"0:00","wins":0,"draws":0,"losses":0,"winrate":0.0,"cagr":0.0,"expectancy":0.0,"expectancy_ratio":100.0,"sortino":0,"sharpe":0,"calmar":0,"sqn":0.0,"profit_factor":0.0,"max_drawdown_account":0.0,"max_drawdown_abs":0.0},{"key":"ADA/USDT","trades":0,"profit_mean":0.0,"profit_mean_pct":0.0,"profit_total_abs":0.0,"profit_total":0.0,"profit_total_pct":0.0,"duration_avg":"0:00","wins":0,"draws":0,"losses":0,"winrate":0.0,"cagr":0.0,"expectancy":0.0,"expectancy_ratio":100.0,"sortino":0,"sharpe":0,"calmar":0,"sqn":0.0,"profit_factor":0.0,"max_drawdown_account":0.0,"max_drawdown_abs":0.0},{"key":"AVAX/USDT","trades":0,"profit_mean":0.0,"profit_mean_pct":0.0,"profit_total_abs":0.0,"profit_total":0.0,"profit_total_pct":0.0,"duration_avg":"0:00","wins":0,"draws":0,"losses":0,"winrate":0.0,"cagr":0.0,"expectancy":0.0,"expectancy_ratio":100.0,"sortino":0,"sharpe":0,"calmar":0,"sqn":0.0,"profit_factor":0.0,"max_drawdown_account":0.0,"max_drawdown_abs":0.0},{"key":"DOGE/USDT","trades":0,"profit_mean":0.0,"profit_mean_pct":0.0,"profit_total_abs":0.0,"profit_total":0.0,"profit_total_pct":0.0,"duration_avg":"0:00","wins":0,"draws":0,"losses":0,"winrate":0.0,"cagr":0.0,"expectancy":0.0,"expectancy_ratio":100.0,"sortino":0,"sharpe":0,"calmar":0,"sqn":0.0,"profit_factor":0.0,"max_drawdown_account":0.0,"max_drawdown_abs":0.0},{"key":"DOT/USDT","trades":0,"profit_mean":0.0,"profit_mean_pct":0.0,"profit_total_abs":0.0,"profit_total":0.0,"profit_total_pct":0.0,"duration_avg":"0:00","wins":0,"draws":0,"losses":0,"winrate":0.0,"cagr":0.0,"expectancy":0.0,"expectancy_ratio":100.0,"sortino":0,"sharpe":0,"calmar":0,"sqn":0.0,"profit_factor":0.0,"max_drawdown_account":0.0,"max_drawdown_abs":0.0},{"key":"LINK/USDT","trades":0,"profit_mean":0.0,"profit_mean_pct":0.0,"profit_total_abs":0.0,"profit_total":0.0,"profit_total_pct":0.0,"duration_avg":"0:00","wins":0,"draws":0,"losses":0,"winrate":0.0,"cagr":0.0,"expectancy":0.0,"expectancy_ratio":100.0,"sortino":0,"sharpe":0,"calmar":0,"sqn":0.0,"profit_factor":0.0,"max_drawdown_account":0.0,"max_drawdown_abs":0.0},{"key":"ATOM/USDT","trades":0,"profit_mean":0.0,"profit_mean_pct":0.0,"profit_total_abs":0.0,"profit_total":0.0,"profit_total_pct":0.0,"duration_avg":"0:00","wins":0,"draws":0,"losses":0,"winrate":0.0,"cagr":0.0,"expectancy":0.0,"expectancy_ratio":100.0,"sortino":0,"sharpe":0,"calmar":0,"sqn":0.0,"profit_factor":0.0,"max_drawdown_account":0.0,"max_drawdown_abs":0.0},{"key":"ALGO/USDT","trades":0,"profit_mean":0.0,"profit_mean_pct":0.0,"profit_total_abs":0.0,"profit_total":0.0,"profit_total_pct":0.0,"duration_avg":"0:00","wins":0,"draws":0,"losses":0,"winrate":0.0,"cagr":0.0,"expectancy":0.0,"expectancy_ratio":100.0,"sortino":0,"sharpe":0,"calmar":0,"sqn":0.0,"profit_factor":0.0,"max_drawdown_account":0.0,"max_drawdown_abs":0.0},{"key":"MANA/USDT","trades":0,"profit_mean":0.0,"profit_mean_pct":0.0,"profit_total_abs":0.0,"profit_total":0.0,"profit_total_pct":0.0,"duration_avg":"0:00","wins":0,"draws":0,"losses":0,"winrate":0.0,"cagr":0.0,"expectancy":0.0,"expectancy_ratio":100.0,"sortino":0,"sharpe":0,"calmar":0,"sqn":0.0,"profit_factor":0.0,"max_drawdown_account":0.0,"max_drawdown_abs":0.0},{"key":"BTC/USDT","trades":3,"profit_mean":-0.001740290670788896,"profit_mean_pct":-0.17,"profit_total_abs":-5.191066559999999,"profit_total":-0.000519106656,"profit_total_pct":-0.05,"duration_avg":"23:20:00","wins":1,"draws":0,"losses":2,"winrate":0.3333333333333333,"cagr":-0.006297524448757863,"expectancy":-1.7303555199999998,"expectancy_ratio":-0.29325154432878386,"sortino":-8.313141668320803,"sharpe":-0.5596927572450415,"calmar":-28.031331196336556,"sqn":-0.4143,"profit_factor":0.5601226835068244,"max_drawdown_account":0.001179337347929537,"max_drawdown_abs":11.80116902},{"key":"SOL/USDT","trades":2,"profit_mean":-0.021933625565721784,"profit_mean_pct":-2.19,"profit_total_abs":-43.66096511,"profit_total":-0.004366096511,"profit_total_pct":-0.44,"duration_avg":"1 day, 20:00:00","wins":0,"draws":0,"losses":2,"winrate":0.0,"cagr":-0.05184486433189117,"expectancy":-21.830482555,"expectancy_ratio":-1.0,"sortino":-1.9688752491568315,"sharpe":-1.9688752491568315,"calmar":-63.68324391514167,"sqn":-1.5458,"profit_factor":0.0,"max_drawdown_account":0.0043660965110000685,"max_drawdown_abs":43.66096511},{"key":"TOTAL","trades":8,"profit_mean":-0.0038852224103076453,"profit_mean_pct":-0.39,"profit_total_abs":-30.958255470000005,"profit_total":-0.0030958255470000004,"profit_total_pct":-0.31,"duration_avg":"1 day, 5:15:00","wins":4,"draws":0,"losses":4,"winrate":0.5,"cagr":-0.03702160409361899,"expectancy":-3.8697819337500006,"expectancy_ratio":-0.27909361905760477,"sortino":-1.543094813077977,"sharpe":-1.414022619527477,"calmar":-38.18833840937817,"sqn":-0.7343,"profit_factor":0.4418127618847904,"max_drawdown_account":0.005162628740608284,"max_drawdown_abs":51.7335425}],"results_per_enter_tag":[{"key":"","trades":8,"profit_mean":-0.0038852224103076453,"profit_mean_pct":-0.39,"profit_total_abs":-30.958255470000005,"profit_total":-0.0030958255470000004,"profit_total_pct":-0.31,"duration_avg":"1 day, 5:15:00","wins":4,"draws":0,"losses":4,"winrate":0.5,"cagr":-0.03702160409361899,"expectancy":-3.8697819337500006,"expectancy_ratio":-0.27909361905760477,"sortino":-1.543094813077977,"sharpe":-1.414022619527477,"calmar":-38.18833840937817,"sqn":-0.7343,"profit_factor":0.4418127618847904,"max_drawdown_account":0.005162628740608284,"max_drawdown_abs":51.7335425},{"key":"TOTAL","trades":8,"profit_mean":-0.0038852224103076453,"profit_mean_pct":-0.39,"profit_total_abs":-30.958255470000005,"profit_total":-0.0030958255470000004,"profit_total_pct":-0.31,"duration_avg":"1 day, 5:15:00","wins":4,"draws":0,"losses":4,"winrate":0.5,"cagr":-0.03702160409361899,"expectancy":-3.8697819337500006,"expectancy_ratio":-0.27909361905760477,"sortino":-1.543094813077977,"sharpe":-1.414022619527477,"calmar":-38.18833840937817,"sqn":-0.7343,"profit_factor":0.4418127618847904,"max_drawdown_account":0.005162628740608284,"max_drawdown_abs":51.7335425}],"exit_reason_summary":[{"key":"exit_signal","trades":8,"profit_mean":-0.0038852224103076453,"profit_mean_pct":-0.39,"profit_total_abs":-30.958255470000005,"profit_total":-0.0030958255470000004,"profit_total_pct":-0.31,"duration_avg":"1 day, 5:15:00","wins":4,"draws":0,"losses":4,"winrate":0.5,"cagr":-0.03702160409361899,"expectancy":-3.8697819337500006,"expectancy_ratio":-0.27909361905760477,"sortino":-1.543094813077977,"sharpe":-1.414022619527477,"calmar":-38.18833840937817,"sqn":-0.7343,"profit_factor":0.4418127618847904,"max_drawdown_account":0.005162628740608284,"max_drawdown_abs":51.7335425},{"key":"TOTAL","trades":8,"profit_mean":-0.0038852224103076453,"profit_mean_pct":-0.39,"profit_total_abs":-30.958255470000005,"profit_total":-0.0030958255470000004,"profit_total_pct":-0.31,"duration_avg":"1 day, 5:15:00","wins":4,"draws":0,"losses":4,"winrate":0.5,"cagr":-0.03702160409361899,"expectancy":-3.8697819337500006,"expectancy_ratio":-0.27909361905760477,"sortino":-1.543094813077977,"sharpe":-1.414022619527477,"calmar":-38.18833840937817,"sqn":-0.7343,"profit_factor":0.4418127618847904,"max_drawdown_account":0.005162628740608284,"max_drawdown_abs":51.7335425}],"mix_tag_stats":[{"key":["","exit_signal"],"trades":8,"profit_mean":-0.0038852224103076453,"profit_mean_pct":-0.39,"profit_total_abs":-30.958255470000005,"profit_total":-0.0030958255470000004,"profit_total_pct":-0.31,"duration_avg":"1 day, 5:15:00","wins":4,"draws":0,"losses":4,"winrate":0.5,"cagr":-0.03702160409361899,"expectancy":-3.8697819337500006,"expectancy_ratio":-0.27909361905760477,"sortino":-1.543094813077977,"sharpe":-1.414022619527477,"calmar":-38.18833840937817,"sqn":-0.7343,"profit_factor":0.4418127618847904,"max_drawdown_account":0.005162628740608284,"max_drawdown_abs":51.7335425},{"key":"TOTAL","trades":8,"profit_mean":-0.0038852224103076453,"profit_mean_pct":-0.39,"profit_total_abs":-30.958255470000005,"profit_total":-0.0030958255470000004,"profit_total_pct":-0.31,"duration_avg":"1 day, 5:15:00","wins":4,"draws":0,"losses":4,"winrate":0.5,"cagr":-0.03702160409361899,"expectancy":-3.8697819337500006,"expectancy_ratio":-0.27909361905760477,"sortino":-1.543094813077977,"sharpe":-1.414022619527477,"calmar":-38.18833840937817,"sqn":-0.7343,"profit_factor":0.4418127618847904,"max_drawdown_account":0.005162628740608284,"max_drawdown_abs":51.7335425}],"left_open_trades":[{"key":"TOTAL","trades":0,"profit_mean":0.0,"profit_mean_pct":0.0,"profit_total_abs":0.0,"profit_total":0.0,"profit_total_pct":0.0,"duration_avg":"0:00","wins":0,"draws":0,"losses":0,"winrate":0.0,"cagr":0.0,"expectancy":0.0,"expectancy_ratio":100.0,"sortino":0,"sharpe":0,"calmar":0,"sqn":0.0,"profit_factor":0.0,"max_drawdown_account":0.0,"max_drawdown_abs":0.0}],"total_trades":8,"trade_count_long":8,"trade_count_short":0,"total_volume":15936.159730322524,"avg_stake_amount":990.0085395875,"profit_mean":-0.0038852224103076453,"profit_median":-0.002304221506126517,"profit_total":-0.0030958255470000004,"profit_total_long":-0.0030958255470000004,"profit_total_short":0.0,"profit_total_abs":-30.958255470000005,"profit_total_long_abs":-30.958255470000005,"profit_total_short_abs":0.0,"cagr":-0.03702160409361899,"expectancy":-3.8697819337500006,"expectancy_ratio":-0.27909361905760477,"sortino":-1.543094813077977,"sharpe":-1.414022619527477,"calmar":-38.18833840937817,"sqn":-0.7343,"profit_factor":0.4418127618847904,"backtest_start":"2025-07-01 00:00:00","backtest_start_ts":1751328000000,"backtest_end":"2025-07-31 00:00:00","backtest_end_ts":1753920000000,"backtest_days":30,"backtest_run_start_ts":1756502079,"backtest_run_end_ts":1756502079,"trades_per_day":0.27,"market_change":0.01766154437516482,"pairlist":["BTC/USDT","ETH/USDT","SOL/USDT","XRP/USDT","ADA/USDT","AVAX/USDT","DOGE/USDT","DOT/USDT","LINK/USDT","ATOM/USDT","ALGO/USDT","MANA/USDT"],"stake_amount":"unlimited","stake_currency":"USDT","stake_currency_decimals":3,"starting_balance":10000,"dry_run_wallet":10000,"final_balance":9969.04174453,"rejected_signals":0,"timedout_entry_orders":0,"timedout_exit_orders":0,"canceled_trade_entries":0,"canceled_entry_orders":0,"replaced_entry_orders":0,"max_open_trades":10,"max_open_trades_setting":10,"timeframe":"1h","timeframe_detail":"","timerange":"20250701-20250731","enable_protections":false,"strategy_name":"ChannelStrategyV1","stoploss":-0.1,"trailing_stop":false,"trailing_stop_positive":null,"trailing_stop_positive_offset":0.0,"trailing_only_offset_is_reached":false,"use_custom_stoploss":false,"minimal_roi":{"0":100},"use_exit_signal":true,"exit_profit_only":false,"exit_profit_offset":0.0,"ignore_roi_if_entry_signal":false,"trading_mode":"spot","margin_mode":"","periodic_breakdown":{"day":[{"date":"02/07/2025","date_ts":1751414400000,"profit_abs":20.77528703,"wins":2,"draws":0,"losses":0,"trades":2,"profit_factor":0.0},{"date":"03/07/2025","date_ts":1751500800000,"profit_abs":0.0,"wins":0,"draws":0,"losses":0,"trades":0,"profit_factor":0.0},{"date":"04/07/2025","date_ts":1751587200000,"profit_abs":0.0,"wins":0,"draws":0,"losses":0,"trades":0,"profit_factor":0.0},{"date":"05/07/2025","date_ts":1751673600000,"profit_abs":0.0,"wins":0,"draws":0,"losses":0,"trades":0,"profit_factor":0.0},{"date":"06/07/2025","date_ts":1751760000000,"profit_abs":-41.31528191,"wins":1,"draws":0,"losses":2,"trades":3,"profit_factor":0.02214352},{"date":"07/07/2025","date_ts":1751846400000,"profit_abs":0.0,"wins":0,"draws":0,"losses":0,"trades":0,"profit_factor":0.0},{"date":"08/07/2025","date_ts":1751932800000,"profit_abs":-10.41826059,"wins":1,"draws":0,"losses":2,"trades":3,"profit_factor":0.21141108}],"week":[{"date":"07/07/2025","date_ts":1751846400000,"profit_abs":-20.53999488,"wins":3,"draws":0,"losses":2,"trades":5,"profit_factor":0.51385623},{"date":"14/07/2025","date_ts":1752451200000,"profit_abs":-10.41826059,"wins":1,"draws":0,"losses":2,"trades":3,"profit_factor":0.21141108}],"month":[{"date":"31/07/2025","date_ts":1753920000000,"profit_abs":-30.95825547,"wins":4,"draws":0,"losses":4,"trades":8,"profit_factor":0.44181276}],"year":[{"date":"31/12/2025","date_ts":1767139200000,"profit_abs":-30.95825547,"wins":4,"draws":0,"losses":4,"trades":8,"profit_factor":0.44181276}]},"backtest_best_day":0.02090153582238569,"backtest_worst_day":-0.041480167673321175,"backtest_best_day_abs":20.77528703,"backtest_worst_day_abs":-41.31528191,"winning_days":1,"draw_days":4,"losing_days":2,"daily_profit":[["2025-07-02",20.77528703],["2025-07-03",0.0],["2025-07-04",0.0],["2025-07-05",0.0],["2025-07-06",-41.31528191],["2025-07-07",0.0],["2025-07-08",-10.41826059]],"wins":4,"losses":4,"draws":0,"winrate":0.5,"holding_avg":"1 day, 5:15:00","holding_avg_s":105300.0,"winner_holding_min":"0d 06:00","winner_holding_min_s":21600.0,"winner_holding_max":"2d 06:00","winner_holding_max_s":194400.0,"winner_holding_avg":"0d 20:30","winner_holding_avg_s":73800.0,"loser_holding_min":"0d 17:00","loser_holding_min_s":61200.0,"loser_holding_max":"2d 21:00","loser_holding_max_s":248400.0,"loser_holding_avg":"1d 14:00","loser_holding_avg_s":136800.0,"max_consecutive_wins":2,"max_consecutive_losses":2,"max_drawdown_account":0.005162628740608284,"max_relative_drawdown":0.005162628740608284,"max_drawdown_abs":51.7335425,"drawdown_start":"2025-07-02 07:00:00","drawdown_start_ts":1751439600000.0,"drawdown_end":"2025-07-08 11:00:00","drawdown_end_ts":1751972400000.0,"max_drawdown_low":-30.95825547,"max_drawdown_high":20.77528703,"csum_min":9969.04174453,"csum_max":10020.77528703}},"strategy_comparison":[{"key":"ChannelStrategyV1","trades":8,"profit_mean":-0.0038852224103076453,"profit_mean_pct":-0.39,"profit_total_abs":-30.958255470000005,"profit_total":-0.0030958255470000004,"profit_total_pct":-0.31,"duration_avg":"1 day, 5:15:00","wins":4,"draws":0,"losses":4,"winrate":0.5,"cagr":-0.03702160409361899,"expectancy":-3.8697819337500006,"expectancy_ratio":-0.27909361905760477,"sortino":-1.543094813077977,"sharpe":-1.414022619527477,"calmar":-38.18833840937817,"sqn":-0.7343,"profit_factor":0.4418127618847904,"max_drawdown_account":0.005162628740608284,"max_drawdown_abs":"51.734"}]}